{
  "products": [
    {
      "id": "1",
      "name": "Springs Robot",
      "detail": "Super Springs Robot",
      "price": 70,
      "imageUrl": "https://github.com/ebenezerdon/shopping-cart-images/blob/main/robot1.png?raw=true"
    },
    {
      "id": "2",
      "name": "Sergeant Robot",
      "detail": "Super Sergeant Robot",
      "price": 129,
      "imageUrl": "https://github.com/ebenezerdon/shopping-cart-images/blob/main/robot2.png?raw=true"
    },
    {
      "id": "3",
      "name": "River Robot",
      "detail": "Super River Robot",
      "price": 91,
      "imageUrl": "https://github.com/ebenezerdon/shopping-cart-images/blob/main/robot3.png?raw=true"
    },
    {
      "id": "4",
      "name": "Rex Robot",
      "detail": "Super Rex Robot",
      "price": 47,
      "imageUrl": "https://github.com/ebenezerdon/shopping-cart-images/blob/main/robot4.png?raw=true"
    },
    {
      "id": "5",
      "name": "Portman Robot",
      "detail": "Super Portman Robot",
      "price": 95,
      "imageUrl": "https://github.com/ebenezerdon/shopping-cart-images/blob/main/robot5.png?raw=true"
    },
    {
      "id": "6",
      "name": "Levi Robot",
      "detail": "Super Levi Robot",
      "price": 89,
      "imageUrl": "https://github.com/ebenezerdon/shopping-cart-images/blob/main/robot6.png?raw=true"
    },
    {
      "id": "7",
      "name": "Fred Robot",
      "detail": "Super Fred Robot",
      "price": 45,
      "imageUrl": "https://github.com/ebenezerdon/shopping-cart-images/blob/main/robot7.png?raw=true"
    },
    {
      "id": "8",
      "name": "Elton Robot",
      "detail": "Super Elton Robot",
      "price": 12,
      "imageUrl": "https://github.com/ebenezerdon/shopping-cart-images/blob/main/robot8.png?raw=true"
    },
    {
      "id": "9",
      "name": "Eileen Robot",
      "detail": "Super Eileen Robot",
      "price": 39,
      "imageUrl": "https://github.com/ebenezerdon/shopping-cart-images/blob/main/robot9.png?raw=true"
    },
    {
      "id": "10",
      "name": "Dolores Robot",
      "detail": "Super Dolores Robot",
      "price": 102,
      "imageUrl": "https://github.com/ebenezerdon/shopping-cart-images/blob/main/robot10.png?raw=true"
    },
    {
      "id": "11",
      "name": "Dolly Robot",
      "detail": "Super Dolly Robot",
      "price": 82,
      "imageUrl": "https://github.com/ebenezerdon/shopping-cart-images/blob/main/robot11.png?raw=true"
    },
    {
      "id": "12",
      "name": "Bubbles Robot",
      "detail": "Super Bubbles Robot",
      "price": 55,
      "imageUrl": "https://github.com/ebenezerdon/shopping-cart-images/blob/main/robot12.png?raw=true"
    }
  ]
}
